Name,Email,Phone1,Phone2
Martin,martin57@example.com,7904905538,7810998550
Martin,martin66@business.gmail.com,9181878149,8153329003
Olivia,olivia10@gmail.com,7104779375,7242108833
Martin,martin24@example.com,8766879554,8209752126
Noah,noah70@outlook.com,7275092635,9683335997
Sam,sam81@yahoo.com,8815024917,9996239784
Olivia,olivia64@gmail.com,7479415264,8105072318
Ethan,ethan70@business.gmail.com,7140752493,9278879519
Liam,liam58@outlook.com,7146915583,8959631797
Ava,ava69@yahoo.com,7370513510,9945637139
Noah,noah18@gmail.com,7719549196,9134158351
Olivia,olivia80@example.com,9381950101,7523856086
Sophia,sophia14@example.com,9029877340,8679137573
Ava,ava64@business.gmail.com,9110346289,8060672642
John,john25@outlook.com,9754848449,9516705232
Liam,liam92@outlook.com,7393742346,7799708940
Martin,martin54@yahoo.com,8878162500,8181494958
Emma,emma4@example.com,8431935884,7651266654
Sophia,sophia1@yahoo.com,9774868894,8202864166
Ethan,ethan56@yahoo.com,9041606396,9248883601
Sam,sam2@yahoo.com,9743967210,7216869423
Olivia,olivia52@yahoo.com,7897335026,9788223165
Ethan,ethan21@example.com,9914963416,9119460592
Liam,liam62@outlook.com,8908242089,7866034793
Sophia,sophia22@example.com,9430073621,9472702824
Sophia,sophia25@gmail.com,7366153700,8362479224
Liam,liam87@outlook.com,7522572846,8620631408
John,john60@outlook.com,7433940610,8205012880
Olivia,olivia65@yahoo.com,9224508565,9489047496
Ethan,ethan51@outlook.com,7236033798,7130416811
Olivia,olivia62@business.gmail.com,7355045299,7091637882
Sam,sam69@example.com,7704379797,9925657946
Sophia,sophia16@yahoo.com,9834051950,9297092726
Ethan,ethan25@gmail.com,8042716126,8884557708
Sophia,sophia66@yahoo.com,7742688260,7484668567
Sam,sam57@example.com,9393834520,9289563953
Ethan,ethan19@outlook.com,9652660408,8364914448
Ethan,ethan94@example.com,7921590759,8574210858
Olivia,olivia42@gmail.com,9005717949,7391541036
Sam,sam11@business.gmail.com,7546689265,7521313961
John,john72@yahoo.com,8901847940,8765780775
Noah,noah69@business.gmail.com,9306892966,8454474432
Ava,ava65@business.gmail.com,9915454396,9371779477
Ava,ava81@business.gmail.com,8242896806,7083669353
Emma,emma85@example.com,7925744340,8851031529
Ava,ava11@yahoo.com,9691572959,8201036944
Liam,liam45@yahoo.com,7005582059,8913060556
John,john34@outlook.com,8567576018,9576535123
Sophia,sophia77@outlook.com,9013353797,9967863309
Liam,liam15@business.gmail.com,7500381304,8740980154
Tom,tom23@gmail.com,8763456789,9870981234
